{"stats":{"minecraft:picked_up":{"minecraft:crafting_table":2,"minecraft:raw_iron":8,"minecraft:sandstone":3,"minecraft:torch":1,"minecraft:gravel":3,"minecraft:sand":12,"minecraft:oak_log":11,"minecraft:diorite":17,"minecraft:oak_planks":1,"minecraft:coal":25,"minecraft:cobblestone":21,"minecraft:furnace":1},"minecraft:custom":{"minecraft:time_since_rest":70,"minecraft:interact_with_furnace":6,"minecraft:sprint_one_cm":18316,"minecraft:damage_taken":1230,"minecraft:walk_one_cm":17712,"minecraft:damage_dealt":101,"minecraft:swim_one_cm":1538,"minecraft:interact_with_crafting_table":4,"minecraft:fly_one_cm":26468,"minecraft:crouch_one_cm":1548,"minecraft:play_time":15851,"minecraft:deaths":5,"minecraft:sneak_time":1384,"minecraft:walk_under_water_one_cm":967,"minecraft:jump":137,"minecraft:leave_game":9,"minecraft:time_since_death":0,"minecraft:walk_on_water_one_cm":2467,"minecraft:total_world_time":15851,"minecraft:fall_one_cm":2148},"minecraft:mined":{"minecraft:furnace":1,"minecraft:iron_ore":8,"minecraft:crafting_table":2,"minecraft:torch":1,"minecraft:oak_log":11,"minecraft:coal_ore":25,"minecraft:gravel":4,"minecraft:sand":13,"minecraft:stone":22,"minecraft:oak_planks":1,"minecraft:sandstone":3,"minecraft:diorite":17,"minecraft:oak_leaves":1},"minecraft:killed_by":{"goatman:goatman":1,"the_slumbering_omen:combatscout":4},"minecraft:crafted":{"minecraft:oak_planks":44,"minecraft:crafting_table":1,"minecraft:stick":12,"minecraft:wooden_pickaxe":1,"minecraft:iron_ingot":8,"minecraft:stone_pickaxe":1,"minecraft:furnace":1,"minecraft:torch":4,"minecraft:stone_axe":1,"minecraft:air":0},"minecraft:used":{"minecraft:diorite":17,"minecraft:stone_pickaxe":52,"minecraft:oak_planks":1,"minecraft:wooden_pickaxe":28,"minecraft:stone_axe":3,"minecraft:torch":1,"minecraft:crafting_table":2,"minecraft:furnace":1,"alexsmobs:animal_dictionary":1}},"DataVersion":3120}