{"stat.drop.minecraft.mutton":8,"stat.leaveGame":7,"stat.pickup.toughasnails.purified_water_bottle":6,"stat.mineBlock.minecraft.sandstone":2,"stat.useItem.minecraft.mutton":7,"stat.useItem.minecraft.planks":2,"stat.mineBlock.minecraft.web":12,"stat.pickup.minecraft.porkchop":9,"stat.pickup.minecraft.glass":4,"stat.pickup.minecraft.rotten_flesh":27,"stat.pickup.minecraft.sand":157,"stat.entityKilledBy.Spider":3,"stat.craftItem.minecraft.stone_axe":3,"stat.craftItem.minecraft.stone_sword":1,"stat.mineBlock.minecraft.sand":86,"stat.drop.minecraft.sand":1,"stat.pickup.quark.tallow":12,"stat.useItem.minecraft.iron_pickaxe":1,"stat.useItem.minecraft.spawn_egg":27,"stat.craftItem.minecraft.wooden_pickaxe":3,"stat.entityKilledBy.Sheep":1,"stat.pickup.minecraft.double_plant":9,"stat.craftItem.minecraft.bed":1,"stat.furnaceInteraction":43,"stat.entityKilledBy.WitherSkeleton":1,"stat.pickup.minecraft.beef":3,"stat.pickup.minecraft.furnace":5,"stat.pickup.minecraft.skull":2,"stat.craftItem.toughasnails.purified_water_bottle":13,"stat.pickup.minecraft.potion":1,"stat.deaths":40,"stat.pickup.minecraft.egg":1,"stat.playOneMinute":246880,"stat.craftItem.minecraft.iron_pickaxe":1,"stat.mineBlock.minecraft.tallgrass":5,"stat.useItem.spartanweaponry.boomerang_iron":19,"stat.pickup.minecraft.arrow":3,"stat.fallOneCm":60412,"stat.drop.minecraft.stone":1,"stat.crouchOneCm":22057,"stat.craftItem.minecraft.iron_ingot":8,"stat.craftingTableInteraction":28,"stat.useItem.quark.trowel":35,"stat.drop.quark.tallow":3,"stat.drop.minecraft.double_plant":1,"stat.pickup.minecraft.wooden_pickaxe":4,"stat.pickup.minecraft.feather":8,"stat.drop.minecraft.bone":1,"stat.craftItem.minecraft.wooden_sword":1,"stat.pickup.minecraft.planks":10,"stat.pickup.minecraft.wheat_seeds":4,"stat.pickup.spartanweaponry.boomerang_iron":4,"stat.useItem.minecraft.stone_pickaxe":96,"stat.useItem.minecraft.stone_sword":9,"stat.mineBlock.minecraft.dirt":68,"stat.drop.minecraft.rotten_flesh":1,"stat.drop.minecraft.porkchop":3,"stat.drop.quark.ender_watcher":1,"stat.pickup.minecraft.crafting_table":14,"stat.useItem.minecraft.log":2,"stat.pickup.spartanweaponry.rapier_steel":1,"stat.useItem.minecraft.cobblestone":17,"stat.craftItem.minecraft.crafting_table":6,"stat.mineBlock.minecraft.double_plant":2,"stat.entityKilledBy.wasp":1,"stat.craftItem.minecraft.boat":1,"stat.pickup.quark.trowel":1,"stat.pickup.minecraft.log":44,"stat.pickup.minecraft.iron_pickaxe":2,"stat.drop.minecraft.sapling":1,"stat.pickup.minecraft.chicken":4,"stat.pickup.minecraft.sapling":24,"stat.pickup.minecraft.wooden_door":9,"stat.entityKilledBy.Enderman":1,"stat.craftItem.minecraft.planks":112,"stat.useItem.minecraft.iron_sword":16,"stat.pickup.minecraft.diamond_helmet":1,"stat.pickup.minecraft.stone_sword":2,"stat.mineBlock.minecraft.log":43,"stat.craftItem.minecraft.wooden_door":6,"stat.useItem.minecraft.wooden_door":2,"stat.sneakTime":13871,"stat.pickup.minecraft.wool":1,"stat.drop.minecraft.grass":1,"stat.pickup.minecraft.bone":3,"stat.mineBlock.minecraft.cobblestone":5,"stat.pickup.minecraft.stone_pickaxe":2,"stat.drop.minecraft.mossy_cobblestone":1,"stat.pickup.quark.diamond_heart":1,"stat.craftItem.minecraft.wool":3,"stat.swimOneCm":111867,"stat.climbOneCm":1672,"stat.useItem.minecraft.dirt":147,"stat.useItem.minecraft.stone_slab2":171,"stat.craftItem.minecraft.furnace":2,"stat.useItem.minecraft.egg":1,"stat.craftItem.minecraft.stone_pickaxe":3,"stat.craftItem.minecraft.cooked_beef":3,"stat.pickup.minecraft.cobblestone":119,"stat.pickup.minecraft.record_chirp":3,"stat.useItem.minecraft.stone_shovel":49,"stat.pickup.minecraft.diamond_leggings":2,"stat.flyOneCm":778113,"stat.craftItem.minecraft.glass_bottle":12,"stat.pickup.minecraft.glass_bottle":3,"stat.pickup.minecraft.sandstone":4,"stat.useItem.minecraft.cooked_beef":1,"stat.drop.minecraft.snow_layer":1,"stat.mineBlock.minecraft.iron_ore":10,"stat.pickup.spartanshields.shield_riot_enderio":3,"stat.timeSinceDeath":2076,"stat.pickup.minecraft.mutton":26,"stat.drop.quark.trowel":1,"stat.pickup.minecraft.wooden_axe":2,"stat.drop.minecraft.dirt":2,"stat.useItem.minecraft.cooked_porkchop":2,"stat.mineBlock.minecraft.coal_ore":25,"stat.pickup.minecraft.wooden_sword":2,"stat.drop.minecraft.spawn_egg":1,"stat.pickup.minecraft.string":20,"stat.craftItem.spartanweaponry.boomerang_wood":1,"stat.entityKilledBy.Skeleton":4,"stat.craftItem.minecraft.stone_slab2":0,"stat.drop.spartanshields.shield_riot_enderio":3,"stat.sprintOneCm":300227,"stat.craftItem.minecraft.stick":36,"stat.pickup.minecraft.grass":1,"stat.mineBlock.minecraft.crafting_table":10,"stat.drop.minecraft.leaves":1,"stat.pickup.minecraft.diamond_chestplate":1,"stat.entityKilledBy.Creeper":2,"stat.drop":37,"stat.useItem.minecraft.wooden_sword":23,"stat.killEntity.Sheep":9,"stat.killEntity.Zombie":5,"stat.pickup.minecraft.snowball":3,"stat.useItem.spartanweaponry.hammer_gold":5,"stat.diveOneCm":276121,"stat.craftItem.minecraft.cooked_porkchop":2,"stat.useItem.minecraft.glass_bottle":24,"stat.pickup.minecraft.stone_axe":3,"stat.drop.spartanweaponry.rapier_steel":1,"stat.useItem.minecraft.porkchop":1,"stat.useItem.minecraft.potion":4,"stat.jump":3189,"stat.useItem.minecraft.sand":30,"stat.pickup.minecraft.coal":49,"stat.pickup.minecraft.iron_ingot":10,"stat.useItem.minecraft.stone_axe":57,"stat.pickup.minecraft.gunpowder":3,"stat.useItem.spartanweaponry.boomerang_wood":8,"stat.pickup.minecraft.dirt":302,"stat.pickup.minecraft.iron_ore":10,"stat.useItem.minecraft.glass":1,"stat.pickup.minecraft.stone_shovel":2,"stat.pickup.spartanweaponry.boomerang_wood":2,"stat.boatOneCm":376277,"stat.damageTaken":6949,"stat.pickup.minecraft.leather":3,"stat.mineBlock.minecraft.furnace":5,"stat.useItem.minecraft.wooden_pickaxe":42,"stat.pickup.minecraft.reeds":3,"stat.entityKilledBy.ZombieVillager":1,"stat.entityKilledBy.Zombie":5,"stat.damageDealt":3394,"stat.craftItem.minecraft.glass":15,"stat.useItem.minecraft.snow_layer":1,"stat.killEntity.Cow":1,"stat.useItem.minecraft.crafting_table":1,"stat.drop.quark.diamond_heart":1,"stat.killEntity.Pig":4,"stat.craftItem.minecraft.stone_shovel":1,"stat.pickup.minecraft.boat":2,"stat.walkOneCm":220065,"stat.pickup.minecraft.stick":14,"stat.drop.minecraft.vine":1,"stat.pickup.minecraft.stone":3,"stat.killEntity.Skeleton":3,"stat.killEntity.Chicken":2,"stat.mobKills":24,"stat.pickup.minecraft.diamond_boots":1,"stat.useItem.minecraft.boat":2,"stat.mineBlock.minecraft.leaves":10,"stat.drop.minecraft.arrow":2,"stat.mineBlock.minecraft.stone":84}