{"stat.useItem.minecraft.bow":21,"stat.leaveGame":12,"stat.pickup.toughasnails.purified_water_bottle":3,"stat.drop.minecraft.gunpowder":1,"stat.useItem.minecraft.mutton":3,"stat.useItem.minecraft.planks":27,"stat.craftItem.minecraft.shield":1,"stat.mineBlock.minecraft.web":3,"stat.drop.minecraft.feather":2,"stat.pickup.minecraft.porkchop":35,"stat.pickup.minecraft.glass":1,"stat.pickup.spartanshields.shield_basic_wood":1,"stat.useItem.minecraft.water_bucket":14,"stat.pickup.minecraft.rotten_flesh":34,"stat.pickup.minecraft.sand":145,"stat.entityKilledBy.Spider":10,"stat.craftItem.minecraft.stone_axe":7,"stat.useItem.minecraft.birch_boat":1,"stat.pickup.minecraft.bucket":4,"stat.craftItem.minecraft.stone_sword":1,"stat.mineBlock.minecraft.sand":46,"stat.drop.minecraft.sand":2,"stat.drop.spartanweaponry.boomerang_iron":1,"stat.pickup.quark.tallow":35,"stat.craftItem.spartanshields.shield_basic_wood":1,"stat.useItem.minecraft.spawn_egg":8,"stat.craftItem.minecraft.wooden_pickaxe":6,"stat.pickup.minecraft.double_plant":10,"stat.craftItem.spartanweaponry.boomerang_iron":2,"stat.pickup.minecraft.wooden_shovel":2,"stat.furnaceInteraction":10,"stat.pickup.minecraft.beef":35,"stat.pickup.minecraft.furnace":3,"stat.pickup.minecraft.skull":7,"stat.killEntity.Horse":3,"stat.deaths":58,"stat.pickup.minecraft.egg":9,"stat.playOneMinute":181819,"stat.craftItem.minecraft.wooden_shovel":1,"stat.drop.minecraft.glass_bottle":1,"stat.mineBlock.minecraft.tallgrass":12,"stat.useItem.minecraft.stone":1,"stat.useItem.spartanweaponry.boomerang_iron":18,"stat.pickup.minecraft.arrow":5,"stat.fallOneCm":93066,"stat.drop.minecraft.stone_sword":2,"stat.crouchOneCm":11194,"stat.craftItem.minecraft.iron_ingot":10,"stat.craftingTableInteraction":56,"stat.useItem.quark.trowel":10,"stat.drop.quark.tallow":7,"stat.pickup.minecraft.wooden_pickaxe":8,"stat.drop.minecraft.double_plant":2,"stat.pickup.minecraft.feather":12,"stat.pickup.minecraft.birch_boat":1,"stat.pickup.minecraft.planks":114,"stat.pickup.minecraft.wheat_seeds":7,"stat.pickup.spartanweaponry.boomerang_iron":3,"stat.useItem.minecraft.stone_pickaxe":117,"stat.useItem.minecraft.stone_sword":3,"stat.mineBlock.minecraft.dirt":35,"stat.entityKilledBy.quark:crab":1,"stat.drop.minecraft.rotten_flesh":5,"stat.drop.minecraft.porkchop":3,"stat.pickup.minecraft.crafting_table":16,"stat.pickup.spartanweaponry.rapier_steel":1,"stat.useItem.minecraft.cobblestone":40,"stat.craftItem.minecraft.crafting_table":9,"stat.mineBlock.minecraft.double_plant":2,"stat.craftItem.minecraft.boat":1,"stat.pickup.minecraft.log":58,"stat.pickup.minecraft.chicken":5,"stat.pickup.minecraft.sapling":14,"stat.pickup.minecraft.apple":1,"stat.craftItem.minecraft.bucket":2,"stat.craftItem.minecraft.planks":176,"stat.killEntity.WitherSkeleton":2,"stat.pickup.minecraft.stone_sword":5,"stat.drop.quark.arrow_ender":1,"stat.mineBlock.minecraft.log":53,"stat.pickup.minecraft.red_flower":1,"stat.sneakTime":6070,"stat.useItem.minecraft.wooden_axe":4,"stat.drop.minecraft.wooden_axe":1,"stat.drop.minecraft.stone_pickaxe":2,"stat.pickup.minecraft.bone":8,"stat.mineBlock.minecraft.cobblestone":6,"stat.pickup.minecraft.stone_pickaxe":9,"stat.pickup.quark.diamond_heart":1,"stat.swimOneCm":71418,"stat.climbOneCm":1366,"stat.drop.minecraft.cobblestone":1,"stat.useItem.minecraft.dirt":151,"stat.useItem.minecraft.stone_slab2":105,"stat.craftItem.minecraft.furnace":3,"stat.useItem.minecraft.egg":4,"stat.useItem.minecraft.iron_ore":17,"stat.craftItem.minecraft.stone_pickaxe":6,"stat.pickup.minecraft.cobblestone":169,"stat.pickup.quark.black_ash":3,"stat.useItem.minecraft.stone_shovel":27,"stat.flyOneCm":526552,"stat.craftItem.minecraft.glass_bottle":6,"stat.mineBlock.minecraft.iron_ore":32,"stat.pickup.spartanshields.shield_riot_enderio":3,"stat.timeSinceDeath":9058,"stat.drop.minecraft.log":3,"stat.pickup.minecraft.mutton":15,"stat.drop.quark.trowel":1,"stat.pickup.minecraft.wooden_axe":1,"stat.mineBlock.minecraft.coal_ore":18,"stat.pickup.minecraft.shield":5,"stat.pickup.minecraft.string":22,"stat.pickup.minecraft.snow_layer":1,"stat.entityKilledBy.Skeleton":10,"stat.craftItem.minecraft.stone_slab2":0,"stat.drop.spartanshields.shield_riot_enderio":3,"stat.sprintOneCm":222721,"stat.drop.minecraft.leather":2,"stat.craftItem.minecraft.stick":60,"stat.craftItem.minecraft.wooden_axe":1,"stat.mineBlock.minecraft.crafting_table":10,"stat.useItem.minecraft.wooden_shovel":13,"stat.entityKilledBy.Creeper":7,"stat.pickup.minecraft.spawn_egg":1,"stat.useItem.quark.parrot_egg":3,"stat.pickup.minecraft.vine":1,"stat.mineBlock.minecraft.planks":6,"stat.drop":50,"stat.killEntity.Sheep":3,"stat.killEntity.Zombie":11,"stat.pickup.minecraft.snowball":2,"stat.diveOneCm":174383,"stat.drop.minecraft.wooden_pickaxe":4,"stat.useItem.minecraft.glass_bottle":10,"stat.pickup.minecraft.stone_axe":8,"stat.drop.spartanweaponry.rapier_steel":1,"stat.useItem.minecraft.potion":6,"stat.entityKilledBy.Pig":1,"stat.jump":3278,"stat.useItem.minecraft.sand":23,"stat.pickup.minecraft.coal":23,"stat.pickup.minecraft.iron_ingot":6,"stat.craftItem.minecraft.birch_boat":1,"stat.useItem.minecraft.stone_axe":85,"stat.pickup.minecraft.gunpowder":4,"stat.pickup.minecraft.spider_eye":3,"stat.pickup.minecraft.dirt":360,"stat.pickup.minecraft.iron_ore":50,"stat.pickup.minecraft.stone_shovel":1,"stat.boatOneCm":442270,"stat.useItem.minecraft.sapling":1,"stat.damageTaken":9513,"stat.pickup.minecraft.leather":16,"stat.mineBlock.minecraft.furnace":2,"stat.useItem.minecraft.wooden_pickaxe":67,"stat.entityKilledBy.Zombie":11,"stat.damageDealt":4923,"stat.craftItem.minecraft.glass":5,"stat.useItem.minecraft.snow_layer":3,"stat.killEntity.Cow":5,"stat.drop.quark.diamond_heart":1,"stat.killEntity.Pig":4,"stat.pickup.minecraft.boat":2,"stat.craftItem.minecraft.stone_shovel":1,"stat.walkOneCm":376180,"stat.pickup.minecraft.stick":42,"stat.pickup.minecraft.stone":12,"stat.drop.minecraft.egg":1,"stat.killEntity.Chicken":2,"stat.killEntity.Spider":2,"stat.mobKills":34,"stat.useItem.minecraft.golden_apple":2,"stat.useItem.minecraft.boat":1,"stat.useItem.quark.pickarang":19,"stat.mineBlock.minecraft.leaves":17,"stat.drop.minecraft.stone_axe":3,"stat.mineBlock.minecraft.stone":124}